0,1
-6.74403654032,5.72693540136
-6.29794937757,3.83221782912
-4.63442599482,3.94247131825
-7.30638578644,2.93323631306
-4.21632366032,2.22080187337
-7.72907686235,3.18015587274
-7.75279070564,2.32080147629
-6.5751822368,3.12833557904
-7.7222010623,2.26691557205
-5.17006380531,1.9201524133
-5.88289261542,1.35395782792
-6.81626311511,1.66244049998
-7.82694842003,1.93963551083
-5.52888972858,1.42230700884
-6.7922165994,2.59126895958
-6.07741404572,2.737795678
-5.49325307746,1.14806732387
-5.33758885191,1.2551637772
-4.40412080693,1.47121349986
-7.53815230907,1.95824509881
-6.90119805058,0.203714920958
-4.61036695178,1.01041162032
-11.9700693263,-3.10759865699
-5.41697395122,0.334775586885
-6.51134479709,-0.592037344747
-5.37426782514,0.143154804581
-5.78933601069,0.370369667933
-6.55155698296,0.869086567575
-5.75737253706,-0.0452917007381
-5.9563463333,-0.285418351248
-6.92923998062,1.45830989268
-5.65042767814,-0.413112105823
-8.15432869587,0.211804153561
-5.30901917769,-0.313397812484
-8.58000598674,0.163982910063
-7.51519189126,0.112489198205
-6.85768015495,0.76426134966
-7.53554577192,-0.367828603538
-8.89960496308,0.524739418632
-5.41314930525,-0.766519616693
-6.64764781622,-0.196414143895
-4.36822576341,0.815746909255
-4.81284327024,1.74999657816
-7.11639777182,2.95785008599
-5.01617035959,2.70295881439
-7.44228381964,3.2419432379
-6.31524823573,2.96138070851
-5.8892342601,3.03884633141
-4.80945913076,0.800510125047
-5.62454299668,2.13060801007
-7.12704084546,2.47804719128
-8.55097645385,2.84564021863
-4.23384094668,1.90725091218
-5.04413360338,1.10182860771
-5.23096013863,2.32040251418
-6.76066233395,1.53883851587
-4.40655065954,2.88425085707
-7.73315134204,2.25372440105
-6.67847184804,1.76625339287
-5.85287043624,1.84298577468
-6.5904314542,2.23770728591
-5.60613820543,1.56716695362
-5.98316809266,1.21746641369
-5.63276962887,1.03653694005
-8.8764945093,2.69145739713
-7.13994158535,1.20730900793
-4.92425587199,1.32007719257
-8.66930302093,1.03005508591
-6.33681265709,1.12290215439
-6.39330492722,0.607889616178
-7.30590015233,0.382368923203
-5.74270143397,0.0639304869783
-8.46732245732,2.05785379436
-6.72456503897,0.289316779665
-6.36810980389,0.366921782429
-4.74121276946,2.07586222386
-6.84950285244,0.270932561051
-6.11745596249,0.848257183443
-7.24930503329,0.607130759424
-7.50957468023,0.131539398328
-5.74836972484,0.24026841185
-5.54114105125,-0.736309698575
-5.53609144991,-0.17333946523
-4.90170796601,-0.0753909886007
-7.66297030844,0.0646824448857
-5.7939450377,-0.914874057671
-6.47987758512,-1.02372962466
-6.46944811575,-0.93323411696
-5.44450800244,-0.369197489875
-6.09104005155,5.09904145304
-6.46637730573,4.06863072316
-7.89182611455,3.04718059301
-5.67708489108,3.48870910636
-6.41060453634,3.47825150623
-4.82403221156,2.35999306524
-4.55823800509,1.75280034341
-7.59307143936,3.17598400941
-5.75586431089,1.93797159256
-5.42865851075,2.35406211481
-5.56743152533,1.37695540629
-5.41359308127,1.73125331886
-4.97127543601,1.04129342913
-7.8431125921,3.29878971133
-7.06568231983,2.26087377993
-6.61671574598,2.43187222679
-8.03114672463,2.32496201835
-6.74565695309,4.67190321642
-6.41467979068,0.183310859185
-7.24771331726,1.65881511614
-5.17004323512,1.01639215704
-6.91901618413,1.39181314754
-6.61971671649,0.806184425441
-7.54716316539,0.612578775372
-7.96765780874,1.9616815954
-8.42911598845,2.12917742923
-9.13415687542,1.56227268475
-8.42417709515,1.15968736534
-7.04307632459,0.891066281202
-4.79710299693,0.562141546074
-8.74568180993,1.29426095449
-5.77369737221,0.175628716174
-5.59867809446,-0.098196598316
-8.73077280216,1.15652845903
-6.6258853318,0.624850717269
-7.15980342547,1.37527873899
-7.78462449337,0.405693673993
-6.03880859897,0.491961367289
-6.49594348532,0.314647033649
-8.00006071365,0.891861977772
-8.36769412029,0.607969089913
-9.24126827474,0.473733953407
-7.56371555023,0.959572242106
-7.55282164304,-0.236867937709
-6.04277441425,-0.66059336465
-5.69016868859,0.234272623011
-5.16341410699,-0.629877447803
-7.09661925429,-0.140566929536
-4.74349131481,2.81325512628
-6.03473284478,3.49192938903
-7.92981414256,3.10083479759
-6.01146743523,3.48133181373
-6.36745215781,3.56054030915
-5.10498677326,1.27316518277
-6.49652832377,1.60789304459
-5.89772308624,2.84883701523
-5.26421926406,2.28605639888
-5.26426443329,1.34220066264
-5.97405785758,1.40878970914
-6.83171567749,1.91393153595
-7.06474288421,2.67941780202
-6.27241364577,1.97668128612
-6.1808201353,0.317148428022
-4.93196625955,0.496623549821
-6.16475649424,0.994155639874
-5.06220985499,1.20212093939
-5.54184897966,1.79276473835
-4.44129914978,0.924250053576
-8.40928666929,1.166992887
-6.86367859823,0.589030101177
-6.8970813385,1.56306538556
-6.31190968192,0.94366536808
-5.62198254493,0.959280526534
-5.08984637811,0.408996722787
-5.13582589139,1.22655286474
-6.87252986732,0.400557025834
-9.15358580137,1.71604106894
-6.83439204571,-0.369201559523
-9.88521420318,1.04629809058
-7.43998295896,-0.0466947629271
-6.66854228276,-0.00375936385553
-6.84406180148,0.101575840436
-7.72665713949,-0.646221641653
-6.18754531856,0.472151213686
-6.27824710731,0.173823137937
-7.9789338487,0.269927796717
-6.93098876117,-0.0317924449706
-6.05549029886,0.0511380322009
-5.29178778214,0.00961374619926
-5.33242526612,-0.251538820813
-6.47090544477,3.06052272243
-6.66231323421,3.1439809121
-5.45444931148,2.99668399348
-5.37861776163,2.79756926565
-6.94226783433,2.82337625374
-4.81338596113,1.85891816527
-4.89751094663,1.75509974766
-7.43964927036,3.24188853927
-7.07407929255,2.66679098628
-6.8004725828,2.24778255805
-5.87649708075,1.9436159978
-5.81674803307,1.85238549433
-6.42588459218,2.20063280277
-6.47796618766,2.29269822904
-8.26613688603,1.81396434417
-4.34085184108,1.45042198556
-7.07137482789,1.11132982256
-8.02868429874,2.24225535907
-5.51000434673,1.16415929766
-5.5819241695,2.20463166823
-5.61636573461,1.36786526623
-5.23845220978,0.331156929328
-5.29439763396,1.26955445479
-7.4126300963,1.31486870047
-5.93790584677,1.23843179769
-6.18264804168,0.648102911893
-8.895047898,1.08522294535
-7.01467923781,0.645646413586
-6.52713297832,1.56731549912
-8.6211202783,1.73278985799
-6.6394175101,0.326558716337
-6.94265307898,-0.0680944025017
-5.47551111095,-0.408034224085
-5.49654897883,0.131399453225
-6.55191258262,0.686791228148
-5.49015997803,-0.618935943945
-6.3008104271,-0.571703439836
-4.97507718858,-0.0183799773551
-7.20390416635,0.0565737261747
-4.89136790133,-0.672362288056
-6.65238778361,3.54717646404
-6.15519730599,3.12027327034
-7.15942425753,2.93464766648
-7.12595807441,2.50927443497
-7.57902587274,2.72051958704
-7.44404273635,3.24367980414
-6.01044066486,2.62170808752
-4.69558844377,1.17430238359
-5.21457929225,1.01313721172
-6.74576890657,2.27473503632
-9.24922988562,3.06730873615
-6.03633098341,2.83483219189
-7.72548153777,2.33635096028
-7.68635107453,2.40896575799
-6.62310252561,2.19165047535
-5.00659560976,1.50143926355
-7.73935882421,2.33202942668
-7.72819985086,2.30391521175
-5.91558067714,1.00249612291
-7.99511538833,1.64241624995
-5.7057259478,1.62450304775
-5.94809302411,0.605915088182
-6.0779377802,1.28607160745
-8.47699272391,1.04069213763
-6.31342011446,1.237675484
-7.06475978329,0.55449275112
-6.20820320553,-0.168833395305
-6.9589629966,1.57517304672
-8.573711016,0.637467453971
-5.97517903426,-0.409519178036
-5.92683854409,0.65698539018
-5.44567141597,-0.175525321673
-5.29899816298,0.118459254253
-7.81448541776,0.388375051304
-7.15525995503,-0.530958629755
-6.69668516168,-0.231872192131
-6.55183289755,0.436790349804
-6.03532722213,0.310292971376
-6.0662325917,3.84319510637
-5.46283918217,2.63279630326
-6.40316252854,3.55066482101
-5.89912839429,2.2082566077
-5.86315444819,2.67810631613
-4.93154927923,1.22346900317
-5.70576608914,2.33196605067
-5.62704572771,1.786557125
-6.92267621543,2.64255303271
-8.55447836042,1.43225572158
-8.08433625275,2.86201091118
-5.48245988766,0.505240433501
-3.82742457276,1.0498402728
-5.74469729759,2.41596372357
-6.51367666847,1.46600756272
-6.04295176232,1.03729672213
-6.84611500137,0.516411041455
-6.98775579924,1.83916682836
-4.31645996321,0.474580262441
-6.45750027595,-0.000234420300124
-6.01569803351,0.862883196317
-7.60042682921,1.79162831524
-7.36550407509,0.348766902795
-6.52586453424,1.16325827907
-6.20201055244,-0.0306836874571
-5.82591437577,-0.322947756388
-6.22587273339,0.769054942051
-6.66691139835,0.314652010206
-8.43628164825,8.06252958553
-6.36601759012,0.697355777367
-7.77844147393,0.495063749656
-8.12938827161,0.731901895273
-5.12250797145,-0.681329240047
-5.14494208932,0.252258125106
-7.22839893561,-0.0316704391758
-8.34428172527,0.147023507818
-5.03846625888,4.50159697947
-7.0371327067,3.66265461515
-5.48764909206,5.61454462702
-5.31076066338,1.80674638463
-5.15690587844,2.73370151685
-5.62175817596,2.47039885607
-5.10877461988,2.56962276952
-7.69126754578,3.04852501889
-6.74321074729,2.09431554868
-6.70892280017,1.6034683496
-6.54253304368,2.45056111108
-6.7674902295,2.28468297761
-6.35465986278,6.14298713508
-5.18399473672,2.56078259292
-6.74244601012,1.65611467885
-5.76940429084,2.27775949326
-6.1956351247,2.65256957524
-5.36367221088,1.27779783264
-9.47806669194,1.89440909814
-5.33776995536,1.62996956088
-4.98906856352,1.18411900564
-6.12895222553,1.43087695647
-8.54738909078,1.65157757738
-6.08599647455,1.61064137803
-7.40313798927,1.09626723354
-5.7541685687,0.535008073126
-8.20400614186,1.45764803767
-8.51882994832,1.04448414186
-6.90182868664,0.700225116896
-7.40750615477,0.689536541825
-7.37316507079,1.01389326138
-6.5466755666,0.139811014834
-6.1302033884,1.06673557407
-5.47028502967,0.88948837474
-5.91793920973,0.66593455948
-5.30226109172,0.618869892021
-8.3742980052,0.975313987181
-6.36905951982,0.54575394218
-8.15042800069,0.726410682946
-7.72222630356,0.77860326584
-7.29596622954,0.715819563781
-8.49409663048,0.133577149355
-7.18813599733,0.445114693202
-7.33985189018,0.162184581074
-7.93050481769,0.66536854988
-6.30738456171,-0.133766465543
-5.32860913906,-0.509564440001
-8.27736467824,3.10507401579
-6.34498795466,3.54123626613
-5.22520305533,2.44153440736
-7.24353357558,2.30920344889
-6.94812093631,2.32942185817
-7.30896147934,2.78657142409
-8.3212434817,2.78267054398
-5.94532137246,1.63185863847
-5.17382827627,1.49827659714
-5.9807097762,2.43174278463
-5.27709426144,1.87729133141
-6.37754439189,2.42804062145
-5.29790797119,1.84826417435
-6.23134284213,2.10839021553
-7.19504731075,1.90720979054
-5.48197686556,1.37548102267
-7.41056746851,2.23996482128
-6.03734601297,0.365886651993
-7.23362841904,1.16876036406
-6.89419267635,1.68831068906
-4.87407482331,1.52879124834
-9.67119283832,2.16876693913
-5.73555963562,0.265678405882
-5.13735029713,0.73786050032
-4.80054633648,0.987076645443
-5.50457222515,0.97763271131
-6.26259498472,0.263807660211
-7.9413196112,0.446387420993
-8.96893955472,1.00672144567
-5.44532854917,-0.934205182122
-5.48149867019,-0.918177465124
-7.53974008083,0.555920157382
-5.33670532863,-0.477462501917
-5.45963430061,-0.540632799746
-4.58655919888,-0.0165954176728
-6.15624850549,-0.753948270186
-5.30276741243,-0.396724928267
-5.11793564282,-0.534443871906
-9.71185080651,1.50813125443
-0.538605443217,6.28710298258
-5.47283454842,4.91178190997
-6.31250885603,3.83021992777
-4.91145614549,3.25827799187
-4.33799913001,3.87731865319
-6.06109952443,3.52885578297
-6.78057785247,3.07361532193
-7.72397435128,4.13332086859
-4.63216438815,1.96173172473
-7.01741087194,3.13700590331
-8.57303053819,2.82097065805
-8.38750900828,2.65480498905
-7.74505145883,2.36983649958
-5.59645167126,1.20592516935
-6.57332920945,2.55016442175
-5.43887259592,2.20122738161
-5.7391910033,0.535346019424
-5.03992881954,2.24465506766
-5.76185826103,0.535110197003
-4.98969457389,-0.37719017638
-5.11074659277,-0.0517581030531
-6.22569386984,1.18406189358
-5.55547221278,0.66896137334
-4.27827205909,-0.563359081819
-5.44370617875,-0.369510076885
-6.63638544127,0.455697396356
-7.41371830242,0.645203813708
-6.75580364588,0.154546186058
-5.52808153864,0.200027610724
-5.81664557921,-0.678742319644
-6.19061511652,0.354126000818
-6.4562903427,-0.138353042991
-6.30402014992,-1.51287744921
-6.5957550396,-0.171574737204
-4.99179645663,6.4616982248
-5.48774395426,4.99980471044
-8.21382455517,3.67165892227
-7.70594961457,3.36154903611
-6.99136210644,2.73847230804
-5.31727597354,0.835809160428
-7.64540609486,3.0905093759
-6.4249848409,1.8573204235
-5.78205156234,1.88024899439
-7.46854679202,2.28303962978
-4.39598581075,1.8964634927
-7.47200754581,3.2939143594
-6.4647685218,2.1208831896
-4.5397430251,1.82602146651
-6.1298924191,0.523292204992
-5.87564385847,1.60733180258
-7.59090982071,2.8149877609
-5.92801377238,0.115280660505
-6.19180714202,0.829360547028
-6.74078605673,1.03866596595
-7.46578616133,1.67994254594
-5.45187843652,-0.451016743994
-7.65570493752,0.119827473738
-7.86003931581,1.56498431284
-7.313589166,0.613485420941
-5.3273735317,0.481150547179
-5.56580585812,-0.899874795341
-5.61765114649,-0.910578992347
-8.00314930814,0.909555385498
-7.46002944109,0.387213064905
-5.59999639669,0.018889883085
-6.83113288277,0.476512098158
-6.5641455731,0.0348955055537
-5.43854309526,-0.88541836757
-6.04833423291,-0.0130015163507
-5.13240363476,-0.815590806612
-8.19273083988,-0.368680117122
-6.20980780989,0.129357149192
-4.82543722487,-0.618591013549
-4.61544511779,-0.145827142463
-6.25213261049,0.243450254413
-5.26955606832,-0.0380601498624
-5.02796121652,3.09924086652
-7.14706532783,3.62688393239
-7.735015278,3.75773673719
-4.92932817068,2.12613823549
-4.98951259414,2.02879189697
-4.88040325526,1.95698575607
-4.84556685025,1.63684691454
-7.36192507045,1.85650169441
-6.52070902643,2.21560957998
-6.52449014516,1.57402918144
-6.50888795588,3.61079338095
-7.75633757959,2.363935656
-6.96331530643,2.98574943792
-5.31883527414,2.47677971879
-5.89338199194,2.38125973077
-8.17532897739,1.36685963748
-8.35399840989,1.92900982331
-5.73915419666,1.41412035996
-5.87900676485,1.50486271954
-4.82861659635,0.618877455068
-8.94847394896,11.9565626918
-7.5333078543,1.14909305029
-7.80687410315,0.616627550796
-5.38263430075,-0.497890023915
-6.06408059615,-0.286072062352
-6.29466726518,0.506414698549
-7.60170666182,-0.0178381184963
-7.36437039854,0.954278850653
-6.40060476899,0.100008259904
-6.87816044866,1.27496978398
-5.77426137424,0.172986659464
-5.87273433732,1.29458374324
-8.32484800803,0.508186756191
-6.04998434996,-0.276232513134
-6.64398398316,0.150471583967
-7.03259796808,-0.348200610501
-5.81874204552,0.164379685843
-6.35312213755,4.90380583249
-6.10107415575,3.83659191758
-6.04720306431,3.49912141117
-6.11237147026,4.27711083952
-6.5772123911,3.66582749126
-6.16227789359,3.68773142027
-8.06497362656,3.10087185304
-4.97166686324,2.50164406306
-4.86501460535,3.16667243257
-5.55169235197,3.07194022898
-4.93371266309,2.21111260252
-5.35173047628,1.8397422422
-5.50407523011,1.29179057269
-4.76504745622,1.18671867978
-5.61195037238,1.90542109562
-6.1400652106,2.15393234049
-6.83615773708,2.47916818952
-7.68432375264,2.13195014026
-6.29356168766,1.18846853023
-6.62389483688,1.71709765626
-7.84092776501,1.05559401697
-6.74913610139,1.19559894922
-6.96657904083,2.23842756971
-4.63508551516,0.640830305193
-6.69832483627,1.36216998187
-7.88582183718,1.39687523663
-7.80376519682,0.997796946954
-7.0327305672,0.819009586307
-7.27371251634,0.828805124821
-8.26531461404,0.52723052455
-6.67625092655,0.113011946784
-5.567527395,-0.267018986587
-5.5258657375,-0.525326585158
-5.37780954793,0.43456665669
-5.58616880673,-0.499718797971
-5.59920417479,0.210617749868
-4.56675962787,-0.175807272499
-6.27507539391,0.377823150452
-7.039153617,0.365719017235
-5.76903789798,-0.0498287460603
-7.200155633,0.426771829866
-8.26372797257,0.467206544544
-6.42851770447,0.299986544156
-6.00939580789,0.217890270806
-6.3688826133,4.83523846678
-6.75513941107,3.26070685038
-4.81267888138,1.68933550737
-4.94899782353,1.56789059136
-6.25074016557,3.45748352853
-6.24243918507,3.48166964764
-6.66056365189,2.9916388926
-7.1113235426,3.00212192672
-5.26557441513,1.75747021149
-5.57603515307,1.37659151368
-7.51145063989,2.93442143706
-6.20874725448,2.74809379375
-7.70443328961,2.31759479539
-6.06587133423,2.30785354557
-7.74024248775,2.17185537347
-7.70625681063,1.20294206639
-8.71928515658,2.33981792928
-8.15696371141,2.21167963592
-5.46529049466,2.0278943261
-8.16017737789,8.25193553127
-6.40445410415,0.821539961426
-6.18614451652,0.751921943834
-5.02464261449,0.684923789459
-6.55761444372,1.32906032873
-8.05434028602,1.72411572612
-7.08554058734,0.94869579075
-7.74626112398,3.45849882497
-7.23816725448,0.930605578517
-9.56301877346,1.53717098167
-9.09448549075,1.37177651064
-5.25388395395,0.669182456181
-5.5673835367,0.847078000467
-9.0258710096,1.36435964749
-6.03098244771,1.26500639816
-7.11397084115,1.41396941839
-5.03469852833,-0.369636969622
-6.2253840737,-0.162550430037
-5.59419535694,-0.132402551057
-5.03092491978,-0.280712956074
-5.38470095249,-0.772730157284
-7.21267430781,-0.771671871379
-6.91057528677,0.413549770655
-7.54094863659,0.495121796155
-6.70199059164,0.163629883217
-7.9942467446,-0.21004248647
-6.41011632353,-0.463785020235
-5.76959962201,5.30274737989
-6.89029523267,2.64415957394
-5.35232828638,1.70855279219
-6.4181474606,2.48279722576
-5.56048279577,1.99295808533
-5.34711472078,2.0305401989
-7.64298313392,1.67935867109
-6.6656240875,2.225928809
-7.89272514332,2.88085155775
-4.86462295931,1.57854737813
-6.13391350365,2.06225650996
-5.82561744942,1.75121847051
-6.20856262038,1.83675980777
-8.86869699383,1.60255038012
-5.23191695457,0.214352831877
-7.00700733056,0.76667055049
-6.83757935498,1.2479679296
-6.8842661391,0.592472025311
-8.62964429519,1.45008668077
-5.49653608388,0.313778559882
-8.02859065754,1.18578285959
-4.97004018735,-0.190809257336
-5.61315920493,0.766584013498
-5.50856578113,-0.00707162294122
-6.20574396044,-0.0484178957898
-5.33758999556,-0.289726001865
-5.38323613187,0.106203718098
-5.39132656887,-0.20240732468
-8.97958875538,0.446511832969
-5.72696978044,-0.595070014891
-4.93712904655,-0.486276511501
-5.48528660355,-0.296125149702
-7.77027792828,0.779348548776
-6.13997664243,0.178446197389
-7.63481964882,0.182890512199
-6.81796287365,3.73961410038
-7.95670718549,3.49076931004
-5.85110552633,3.42794411393
-5.55561672521,4.77083628859
-6.36181658106,3.53219202508
-5.91487314864,2.40133136053
-6.40251027854,2.12934312076
-4.0793411458,2.5794360454
-7.74536555641,2.29966059032
-6.56326038695,2.48489940798
-5.41325388625,2.03074644358
-8.14553584119,2.08413033241
-8.2294243305,2.32783651535
-7.63209742824,1.64160903125
-8.96529157225,2.4215012088
-7.36387417159,2.10390020542
-7.29655807323,1.45499421704
-5.24247053043,0.766531249138
-7.51280223814,1.41017689985
-5.63203132328,0.575419656756
-6.5238580071,1.71924827585
-5.19408390333,0.892199494793
-8.66784004712,0.951195987226
-5.41298617469,-0.4871165096
-7.20945791671,1.09463613078
-7.29946510231,-0.0182552861705
-8.31331269791,0.338043508099
-7.64331094545,0.558440402921
-8.43468587153,0.879951363353
-8.22983681018,0.975936016562
-6.62327576646,0.511116798048
-7.44059360131,1.05361906115
-4.56813001332,-0.164547026939
-7.25554913246,0.353777510254
-5.93680524743,-0.44060965842
-6.71543429972,-0.397918640051
-6.35662315493,3.27179634325
-6.31947814312,3.82673110159
-5.02844091265,2.26937578392
-5.32960687736,1.80188620258
-6.82206466213,2.92548678236
-5.13333228661,1.54283577217
-6.0878919723,2.72334163545
-4.72864399559,0.977325604701
-6.19594082042,2.74172610981
-3.73915040674,2.62640754861
-6.5615332443,2.04494689991
-5.02815553556,1.44083937159
-8.14690356531,1.55019039533
-7.75503732658,1.49571929312
-7.86935481755,1.99749970407
-8.00670500413,1.73734697484
-7.98183739057,2.09276081926
-5.55599828132,1.66667708349
-5.94888570701,2.31206581199
-5.34463464443,1.5295708484
-5.36894827594,0.914317119697
-7.01453028553,1.56135145289
-6.83397134404,1.62256358217
-6.94888119398,1.89586050588
-7.43978341581,1.19172593569
-5.53995021218,0.428615272436
-8.69180164877,1.45586325588
-9.14293875848,1.62395925301
-9.62840856925,1.73669454694
-7.8715776687,0.781462297928
-7.52795783491,1.10905666956
-6.26630487536,0.122699014133
-6.46066239594,0.122233761355
-6.99083606658,0.0242065169859
-5.66571801941,0.438699643284
-5.29424313364,0.341730226273
-8.98324097364,0.347365009688
-8.13245314603,0.75516814279
-6.94696108077,-0.108270735534
-9.65230252786,0.365386674154
-6.41193856677,0.0707212830369
-5.9689333247,0.222387763788
-5.37023268746,-1.11214818471
-7.56281417244,0.623916653256
-7.5505215841,3.45378931733
-7.44683990721,3.50408899648
-7.4685700876,3.41575538716
-7.39935736547,3.42068795916
-7.40260861909,3.85208805314
-5.50931515581,3.52740317178
-6.17232560811,1.88859256864
-7.14865537149,3.10420579585
-5.51480261844,2.38619015683
-7.19691449302,2.73360428372
-7.4458692078,3.27080985535
-7.61243657604,3.20700945039
-6.18503878715,2.21843189407
-7.06081234848,2.34386887387
-5.73812621967,1.98466395884
-7.77289562154,2.94864875095
-4.90276610638,1.11342417226
-6.24884177497,1.90459823507
-5.71901333283,1.92337849653
-4.6253100035,1.7255380681
-6.03877250854,1.82648974882
-5.92821897973,2.36945549578
-5.56544679604,1.85567570613
-7.7453448246,2.24338828651
-5.56154225377,2.00332004865
-7.96468301892,1.99389412881
-7.70355837342,2.15490483388
-7.84371322517,1.42655155685
-8.14222051675,1.33181768438
-8.23593061476,1.33336813205
-7.36424023556,1.19569391213
-5.75558771203,1.81268762979
-5.43442704002,1.60604245981
-6.46988777085,0.639262675029
-6.89194170683,1.08409876547
-8.61599051227,2.07377047296
-8.53929475856,1.31955915651
-6.64829348494,1.82720556787
-5.1038352056,0.586232114704
-8.67639453668,1.2266825977
-5.69414680904,-0.28248159695
-9.36764682614,0.333280128995
-4.80508415842,-0.237981444438
-8.47643763508,0.191529711999
-4.54261616588,0.426984078162
-8.63386242649,0.767451452153
-8.22487708259,1.07447936393
-5.49007854925,0.159558950758
-8.30937309962,0.639574738266
-8.2248975426,1.04044231004
-5.38340990324,0.466404947208
-9.7630955544,1.14656867804
-4.88579506425,0.256199212215
-9.31581807007,0.24176771638
-9.01975797208,0.534949834018
-9.46560454669,0.639635874582
-9.34788502544,0.612966017289
-6.80893035727,0.224411590114
-5.31632556588,-0.68726983725
-6.3394311764,0.0629238538128
-6.50348131107,-0.159135137157
-9.41192702343,0.856876319872
-7.82435240279,0.268384337944
-6.11628364424,0.138568660959
-7.38475057323,3.49994678258
-6.15484936456,4.22459691727
-7.1615475219,2.51552470845
-7.84863011573,3.13762886372
-4.73140037095,1.99347544705
-4.85707110675,1.36205021519
-4.79624988392,1.7332872809
-6.56349502,2.65351794288
-5.75575557483,2.37505313342
-5.39815316463,0.83424609568
-7.24477570906,3.62068227505
-7.73430031499,2.2129999546
-6.10626169331,1.78594820164
-6.03950081502,0.649433572666
-8.49632207362,2.58506832549
-5.03634097427,0.90807948388
-3.92796638723,1.12348236039
-6.16103366094,2.75915950388
-4.90839180383,1.45941855337
-6.28771127295,0.701903762759
-8.97384579225,1.41436834016
-7.79385044494,0.918144351186
-7.22541657965,0.184458068796
-7.54469544837,1.5578844752
-8.07998455401,0.794333894621
-5.18209925237,-0.110353806395
-5.69203124848,-1.05831060924
-5.16230481182,0.414584547748
-7.45553966752,0.964342491376
-7.39705859384,3.39920045297
-6.8599625516,3.40762066837
-7.057976913,2.8062184781
-6.88308000249,4.84217043742
-7.00231282174,2.9863111765
-7.44239784699,3.25075404689
-5.86985564382,1.46009304224
-5.05851767126,0.924758188929
-5.31471857178,2.08643671081
-4.66706862979,2.34307030531
-5.62784487543,1.7971076764
-5.80412126485,1.1393032831
-4.35988661945,1.97568909215
-5.373397417,1.03080003275
-7.17070107582,1.1599290455
-7.31718412809,0.995574510565
-5.51443358904,0.491094482906
-5.04798729285,-0.219076948754
-5.37931753825,0.987671736386
-7.3873968276,1.00471551037
-8.85460330968,1.57392607365
-7.27941327054,0.671188693193
-6.48775598665,-0.0462384939525
-8.62061856369,-0.307804965393
-7.49601239956,0.428540152704
-9.18767514628,0.306233370843
-7.73837747537,0.0374498471593
-9.33503789313,0.434283071102
-5.53069895284,-0.114098280061
-7.65873709467,0.412213451656
-6.70728212988,1.51456133397
-4.67667308186,0.0144045757253
-7.42071400447,-0.397359592916
-5.28547300876,-0.263040722743
-7.22092128064,0.284135130882
-7.41628028155,-0.425509978779
-6.27239946699,0.142556830755
-5.42320127919,-0.212753409971
-4.77266088937,-2.10079673488
-5.78766679704,-0.708563368919
-4.76145913653,-1.02671026453
-4.69067790895,4.59355895565
-6.22379609127,2.34142038628
-6.22589403934,3.51463425446
-4.65995097968,2.11635689857
-7.6769236286,3.47816547227
-6.86696768006,2.47591494549
-8.52951801738,2.56548508536
-5.51760757939,1.83869548947
-5.7326732773,2.41171134555
-7.7285512546,2.31509480876
-6.54885968988,0.88406313793
-9.19615489858,1.67001896626
-5.31418363526,0.551615599489
-7.74773738753,1.64520983114
-5.28645540541,0.308728262219
-5.04111329654,-0.00366437420023
-4.511854883,0.592299876122
-7.31477323804,2.2487701572
-7.39868254879,0.118677023555
-6.72399193407,0.413373284282
-6.10915243609,0.119161856321
-6.08975809957,0.275925486785
-8.2406166019,0.915432556173
-5.80547325865,0.179200910824
-7.49454394583,0.505214045422
-6.6271326615,-1.22454853347
-5.7302531753,-0.5623686052
-4.56320170727,3.86999938322
-5.96178455413,5.28099967385
-8.19874174901,3.66045550881
-7.55905029689,3.01353621303
-6.4033089875,3.55387697471
-4.76620497079,2.04896322382
-4.95204818314,2.00181246734
-7.53723451584,3.6597241769
-7.32895209804,2.50361778972
-6.3056012901,2.23894446395
-6.58258478168,1.96993925195
-5.32353806778,1.74452035852
-5.5096531676,3.01303856669
-4.51322912409,1.95366984916
-5.52794519935,1.5970461812
-7.87741809589,1.36260749493
-6.2129600568,2.069307774
-6.04814935407,1.06818626783
-6.04806706731,1.72619352834
-6.63466360961,0.346364921723
-5.85855801013,1.16722442604
-6.94650684799,2.27806684734
-5.88004731384,1.30900638067
-7.23897521253,0.987648928387
-7.18574002056,1.49849466244
-8.26852168139,1.24266895891
-6.9776584324,0.795919584794
-8.99019619574,1.94897668546
-7.53549330281,2.11249260178
-6.21504563722,-0.372252393909
-5.75396517798,0.64884086374
-7.45149849902,0.619888422605
-8.24609400685,-0.367518566497
-4.95409413919,0.678622567898
-7.6585171681,1.39073672275
-8.39442631292,0.0452935476456
-9.55316230291,0.513348695557
-9.77727130502,0.299424685375
-7.75689915255,0.448266909031
-6.91117024239,-0.572413957691
-5.43907075782,-0.261142333138
-5.52893852314,-1.88515929421
-6.7637427433,0.571490086276
-5.73918316976,3.53865374822
-5.18736308724,5.0333233256
-6.12146815797,3.43473237524
-6.27792223197,2.12800575247
-7.64431073039,2.62677982219
-5.3296773893,1.94322156658
-7.71255430696,2.31994170204
-5.54892570346,-0.0327849405026
-6.40133980163,1.96277732347
-6.25588710782,2.01882000501
-6.12258572193,1.94175701622
-6.18206088707,2.28776019139
-5.06871589689,3.018794099
-7.73007895388,1.98341917935
-7.85344793638,1.86261726813
-7.04128457766,2.44300256725
-8.36361288358,1.53779953074
-5.64980309491,2.34015695462
-7.05840917352,1.74086334254
-6.34488408108,1.47957382929
-5.08285455984,2.04930211975
-6.03395048298,0.284277073921
-6.87911584092,1.69189717859
-5.23684677731,0.333353920565
-7.77577452704,3.78623179938
-5.19083817356,1.1018531706
-8.7141337236,0.590723543948
-5.85239555223,-0.453585567944
-7.69735902368,0.341262407192
-7.20233438265,0.719835327318
-5.95646585622,1.16848592289
-6.21619029215,0.449189879487
-5.48412347036,-0.930050409308
-7.12321852654,0.253557958453
-6.30274435994,-0.756673253551
-5.79972499933,-0.29271661833
-5.77487798364,-0.000615513239138
-6.94337522155,0.0201868782364
-8.45311643723,0.927622471525
-5.74786695749,0.120270396296
-6.04434452248,0.220189647064
-4.93797920555,-0.614646143485
-6.73146074126,0.793851321906
-5.03738706397,5.36594578914
-3.30616321772,5.64303842498
-6.38573484654,3.0081695768
-4.80589205564,2.67064734975
-4.97223564276,1.5828359568
-4.96819220109,3.99810916036
-6.69568909542,2.78651430323
-5.32283619802,1.5442924569
-5.98144636494,1.71044160431
-5.17342156757,1.82028437258
-4.15246075535,2.43535666594
-4.71277795551,1.66073769722
-4.8186521307,2.06026021833
-6.67480134742,1.58500145372
-6.06950552768,2.23869085447
-6.4834093926,2.21840675569
-5.90592160359,1.5035242046
-7.74551625151,2.29436471906
-7.76919975317,2.03142899921
-5.13760495649,1.2244457348
-7.71833156236,1.33406223433
-5.85006469258,1.39959903901
-5.76253702226,1.56771005371
-8.78338274442,1.69774493373
-6.73518647898,1.19004061383
-6.66438661822,0.983960400999
-6.01721987847,1.12943764575
-7.48647877522,0.444128256158
-6.19562076154,-0.177284380271
-10.0522476524,1.1536802343
-5.29035317252,-0.993482393931
-6.24432469391,0.687405841542
-9.05589446318,0.210415541482
-5.23498927332,-0.169753274842
-5.33053275501,-0.427378751475
-9.43988581199,1.03970916838
-8.05622910543,4.77100201358
-5.55202613749,3.52092884543
-7.37629962429,3.49426293309
-6.06884706053,3.92212365095
-6.26146065401,3.85493812941
-5.72138634376,3.11801126936
-5.49164929146,3.37482512651
-6.27338494117,3.5451949494
-7.14191826127,3.2454145147
-7.74456057803,3.63420649201
-4.99097978886,1.34714806891
-5.19314683481,0.743603798938
-7.24030625153,1.776453085
-6.63537885525,1.89359133061
-7.94418830405,1.24408761114
-6.95812004591,3.0978082162
-4.92151739427,0.751517184525
-5.67432071761,1.17437896066
-5.7406307972,1.44629295675
-5.2010537389,0.315077092262
-6.75822272298,0.886767793607
-6.564205595,0.683924776936
-5.81853114435,0.871503270199
-7.32685965545,0.187455851145
-8.21431839713,-0.0272056721761
-8.4607297862,0.746192092203
-5.8726923459,0.0332589938274
-6.53275082118,0.310144919765
-7.42676962846,0.613692104219
-6.10300128536,-0.767337688008
-7.78965875297,0.0178281342019
-8.29231501811,0.234610106464
-6.54145314146,-0.412821768764
-6.02957128159,3.08634612628
-6.10371554164,3.7160642651
-6.29919273174,3.79663404542
-5.93139407602,3.74979309237
-4.80407414943,1.99277893874
-4.8248869827,2.00290963338
-4.60963644752,1.99152059233
-4.24382469627,1.78339254669
-7.73114046746,2.26518014861
-5.72994525472,0.988628404142
-7.3424219339,2.50547063425
-4.64972897878,2.54839837884
-8.33099378774,2.3321177818
-7.8755665727,2.06234114094
-5.68933205826,1.63704116017
-5.05417523617,1.32735040952
-6.56579833558,0.562322626506
-5.74656551243,1.0763650189
-5.0277876331,0.52621334741
-7.60972199808,0.798686903737
-6.52500525971,0.00817566305275
-5.83912682418,0.850920789692
-5.45815944789,1.10052413837
-9.38680222348,1.48494356296
-6.78480929031,0.0631282562021
-7.65319153428,0.848200116347
-7.57548284046,0.422526827424
-7.1846475395,0.435974530921
-7.89855300368,0.950968636506
-7.01892538564,0.670070508437
-8.04751776888,0.980642685551
-7.29448542465,-0.160449565568
-5.90446624007,-0.162865951657
-8.08757735144,0.731467108044
-7.4810254213,0.487394445363
-4.55408461737,-1.02326027327
-8.50822077022,0.446701615813
-5.51181118443,-0.314636734643
-5.79374408513,-0.407846664101
-7.01054913212,-0.0122019532769
-6.13788633046,3.81980262329
-5.27597162829,2.56205732652
-3.55325349598,1.72272776876
-5.42960428046,0.81890037539
-4.95255181702,0.83041415892
-5.835708618,3.98553851544
-7.5355975985,1.20537817421
-5.49187926041,1.38988180109
-5.39497761719,1.09510431696
-6.8594794698,1.15896802143
-6.77426755224,1.01028379261
-6.88246140798,2.34681180534
-8.41415968491,1.35524973865
-8.22690011145,1.63498188115
-5.58592511202,-0.0901641958649
-4.90183502045,1.42070249429
-7.2217970785,0.606906953463
-5.64190431503,0.243901017439
-7.23336775822,1.13833033689
-5.31015473264,0.00721832492556
-5.51809380954,0.252723467112
-8.32636880883,0.685172044507
-6.24363452881,-1.57279458357
-6.32251500705,-1.07086995978
-5.20034710435,7.00454061002
-7.14457448876,3.64690610012
-4.86749791931,3.40667848731
-6.06324572016,3.57211943482
-4.79056667752,2.09880896182
-6.25408517789,3.09967354422
-7.73342679661,2.91268255546
-7.73724613749,2.38594502632
-5.11898839248,0.492069543331
-5.15308670048,0.940385727085
-6.50416695017,0.619710330931
-5.88037020644,1.18561911876
-6.74804950968,1.83010999617
-6.39138482721,0.501521799906
-7.04256086637,1.86236147752
-8.88974340897,1.40463086571
-7.14655021284,1.38425693738
-5.73553906835,0.727584177771
-6.52341491679,1.26707705193
-7.41701435012,0.187394089242
-7.56430986397,0.629419951514
-5.58439511539,-0.353863579828
-8.05621097741,1.76628314644
-6.57115322764,0.202108156851
-5.84638475628,0.0674369731537
-7.23122080953,0.245239661183
-6.59685546007,-0.409336061576
-6.21414856101,3.24739640268
-7.68153115403,3.88880411214
-3.04665269774,5.11737929104
-6.36793009691,3.55675845439
-3.01494058967,4.60352608613
-4.87779587396,2.66553807492
-6.62244758694,2.60033679908
-7.03326997153,2.95901250724
-7.44319946355,3.27199754665
-5.16751127273,2.92433394634
-7.59519127643,2.19597976251
-6.09091299633,2.05796398512
-5.2446478971,2.91850531898
-4.85866440256,1.57139037626
-6.49658511901,2.14355713025
-8.1164780796,2.20665802433
-7.96810696215,2.83117918421
-5.55820004641,1.87549608554
-4.91616167864,1.35996938088
-5.03263783944,1.35463577278
-5.81663481717,1.8535687959
-6.03335534832,0.436646579322
-8.25858757314,1.53599870889
-8.96526497218,1.33033517814
-6.46940306475,0.387572618133
-7.67535401736,1.54764840019
-7.68371444794,1.88676770404
-5.5457211894,0.910803508891
-6.10149124667,-0.272798265136
